,mean,variance,std_dev,signal_energy,rms,peak_to_peak,delta_power,theta_power,alpha_power,beta_power,gamma_power
count,100.0,100.0,100.0,100.0,100.0,100.0,100.0,100.0,100.0,100.0,100.0
mean,-6.2608445203807666,1726.8609157203139,40.72594509947803,9733870.6,47.26980275776948,299.91,2258764025.5959134,1727844769.2458112,1246585635.54072,2062243475.6731982,5588373467.868523
std,24.818413656011987,654.8560536126878,8.303480557470959,5077147.934185762,11.95187981948323,71.45756599110928,1765802393.8363998,1015998478.9801586,656546719.2338269,741556472.6810328,2144019386.490743
min,-75.503783256041,505.0594861286966,22.473528564261922,2515991.0,24.781155886845013,141.0,300383444.7969703,262962213.70440468,253097035.28792542,516876508.53831303,1684942396.9083843
25%,-15.618562362704418,1208.3949609449494,34.758587664802654,6511674.75,39.866907751943245,253.0,1021747361.3013214,1094099086.5203023,699024973.6410913,1619332349.2395678,3943470672.9986753
50%,1.6781791554796193,1793.562027889818,42.35038502850608,8719856.5,46.134054086599306,307.5,1777359001.2109768,1558053225.929257,1188756470.6919518,2017311499.1277964,5680000446.855599
75%,5.747864290944594,2154.1055621879696,46.411594485558346,11387801.5,52.72139694938804,340.0,2796241958.678446,2182493595.879671,1689100478.3563519,2602261961.2934237,7162526426.60675
max,57.545277031974614,3124.07158788922,55.89339485027922,25607243.0,79.05847438742832,506.0,10036109072.85042,4983134193.995478,3361364512.3002334,3738174192.7455764,10798316129.546314
