,mean,variance,std_dev,signal_energy,rms,peak_to_peak,delta_power,theta_power,alpha_power,beta_power,gamma_power
count,100.0,100.0,100.0,100.0,100.0,100.0,100.0,100.0,100.0,100.0,100.0
mean,-12.513292653160844,4061.426967282119,61.09911916926281,21109927.76,69.12061715773324,439.28,1798324211.8693097,1604592409.8553169,1509145453.835977,2705741016.187387,23877039654.645386
std,30.723983888072805,2536.766293407171,18.211013540272308,11734355.267706564,19.459185417327046,115.21872743402069,1543054196.7237208,1425456411.48483,1016742835.1841758,1460919325.9152377,19416631332.783566
min,-76.29411764705883,888.6377441264614,29.81002757674775,5549508.0,36.80393533096346,220.0,271027183.582661,262067794.22733134,223774594.19543567,655208817.9217349,4053713125.004489
25%,-27.72577495728582,2286.119986292857,47.81335908560108,11000774.5,51.81740709039982,355.75,959292080.0745583,920607849.1761857,837772622.9652387,1607489907.7934093,10510700556.975138
50%,-4.577983890651696,3323.1200851286976,57.64637685872553,17856322.5,66.01807190253194,412.0,1497938178.6994662,1297147098.5643473,1227778296.8839486,2549630544.4152956,18033889890.53921
75%,5.528130339272638,4649.773202249644,68.18890286095208,29386125.0,84.68838704918802,518.75,2003193667.9942088,1929124395.3092752,1933697901.1985943,3488564748.8016567,27310527131.735275
max,56.79448376861118,11564.138581192748,107.53668481589317,58312682.0,119.3022203086088,753.0,10118623627.920996,13318234837.916897,7677655533.924679,8603060760.606535,84240997948.75537
