,mean,variance,std_dev,signal_energy,rms,peak_to_peak,delta_power,theta_power,alpha_power,beta_power,gamma_power
count,100.0,100.0,100.0,100.0,100.0,100.0,100.0,100.0,100.0,100.0,100.0
mean,-8.880034171344885,2950.8842068918307,50.82839793125071,14771861.58,56.721122399840944,376.1,3111169619.7946706,4943764505.608435,4510516921.526612,6524787328.2179785,4980967285.297855
std,24.116553016901833,2264.2622386800494,19.26314769778096,10124802.45203669,19.803212054563073,151.6800526893315,2650267905.199314,4449224348.697554,3591920920.4574714,4710814764.130933,5030690448.131923
min,-76.35025628508664,346.21841910435427,18.60694545336107,1598886.0,19.75494240874567,131.0,423368126.56951916,381712098.95953107,371426115.8432289,734078025.0921422,556036609.9280427
25%,-16.779411764705884,1290.3315832518585,35.92116925784771,7556291.5,42.94397565950195,265.5,1157119501.9684162,1860204033.4729605,1765965488.0326765,3139513358.712248,2445362595.116497
50%,-7.496704906028802,2335.313825596981,48.32144170628433,12744886.0,55.77277485346665,365.5,2420098080.5842257,3517479274.5229416,3461954672.852317,5287711329.65367,3483240691.811923
75%,3.7515865267268733,4444.546290531259,66.66741993991612,19315290.75,68.6620163428791,486.5,4392246737.284886,7132147712.053311,6079811819.9183445,9250975585.367163,6144440888.357885
max,54.470344154259216,15630.093853655875,125.02037375426404,64321214.0,125.29799870458886,997.0,15404040673.971048,27018356677.36014,19241472182.08431,29026730479.276936,36231872976.03382
