,mean,variance,std_dev,signal_energy,rms,peak_to_peak,delta_power,theta_power,alpha_power,beta_power,gamma_power
count,100.0,100.0,100.0,100.0,100.0,100.0,100.0,100.0,100.0,100.0,100.0
mean,-6.203011959970712,7614.53052073262,65.61529485341367,33598592.14,70.76354725517356,486.38,9940882169.879675,12080585456.047564,12495381618.793053,16260082808.385874,11653465577.190235
std,23.522421341869595,22179.823876026574,57.81513207631913,90924274.36325713,56.79397037902628,397.60187132458026,37049096526.87268,42019134703.03512,34408686638.03438,46235745332.16265,28261004858.998207
min,-72.59604588723457,371.68635878935083,19.279169037833316,1754647.0,20.69483161686695,126.0,136063266.15742794,221665094.74241528,190159884.19982296,1015735284.7296627,799172650.1946146
25%,-18.015804247010006,1394.2226188828643,37.339283392896746,7390417.0,42.471009755231435,256.0,672041362.1022178,1274193165.8000746,1674341017.5617077,2450883320.421364,2513267340.9726863
50%,-7.620698071759824,2717.99837668537,52.13341852972991,13198088.0,56.75737927763687,370.0,1767153417.4427211,2941748856.784941,3473734289.653159,5986938110.355345,4742774063.294141
75%,8.189223822309007,5138.286574339654,71.68166504751828,25126478.25,78.31102753408877,512.25,3680608551.644922,6015484452.263665,8791840197.60287,12325787681.016535,11244759008.327734
max,55.125457651940444,193615.37924610596,440.0174760689693,793405688.0,440.06281531780576,2616.0,345331399674.9438,387477649714.3123,245159565710.87793,391266994829.6426,250511218773.61426
