,mean,variance,std_dev,signal_energy,rms,peak_to_peak,delta_power,theta_power,alpha_power,beta_power,gamma_power
count,100.0,100.0,100.0,100.0,100.0,100.0,100.0,100.0,100.0,100.0,100.0
mean,-4.74891383939468,115659.63188384511,306.5726917871003,476940813.42,308.2996000054985,1858.96,9851478968.143154,26327032627.297222,53014242696.1122,237646932202.44562,567209519663.8102
std,27.15505907091814,100933.8754885084,147.95855457859304,413047856.00629604,146.8991407025713,868.3550560884316,13550049681.388536,38025183259.14188,89157324251.45432,280330003282.59717,562402010088.5739
min,-67.33414693678301,9122.511233178768,95.5118381834355,45891417.0,105.83583776090266,492.0,467387923.3458512,986472953.2356997,1168793059.592081,5726807002.811912,8189631142.13954
25%,-16.633817427385893,34932.81414465385,186.8999531612616,150787620.75,191.83629708263106,1106.75,2271981978.3570204,3502222173.9892855,5735739740.519426,39742197174.67357,105718109881.6359
50%,-5.73675860385648,76280.54309364758,276.1705736780391,318436571.0,278.7752709891064,1729.0,5516092223.87496,12208803974.347223,22201827086.739727,91349368181.21698,377935996615.76965
75%,7.67787405418599,191067.71714222158,437.07718583883275,784962765.5,437.66625786051287,2675.75,10825208769.848366,31849378772.157295,55622998779.0143,408200142989.2743,758987170549.0936
max,57.41933121796436,375218.12261959177,612.5505061785451,1537315374.0,612.5598154132513,3696.0,94967934190.629,243717319089.67987,492434032514.7952,1455922479339.8118,2318221194394.0635
